--
-- PostgreSQL database dump
--

\restrict MSUTc73YAREJxd6hHDML02pu9lvaxr4GIPEPCmdBuMtyeYhV6gqjdUDGO0a9bdp

-- Dumped from database version 16.11 (Ubuntu 16.11-0ubuntu0.24.04.1)
-- Dumped by pg_dump version 16.11 (Ubuntu 16.11-0ubuntu0.24.04.1)

SET statement_timeout = 0;
SET lock_timeout = 0;
SET idle_in_transaction_session_timeout = 0;
SET client_encoding = 'UTF8';
SET standard_conforming_strings = on;
SELECT pg_catalog.set_config('search_path', '', false);
SET check_function_bodies = false;
SET xmloption = content;
SET client_min_messages = warning;
SET row_security = off;

SET default_tablespace = '';

SET default_table_access_method = heap;

--
-- Name: auth_group; Type: TABLE; Schema: public; Owner: postgres
--

CREATE TABLE public.auth_group (
    id integer NOT NULL,
    name character varying(150) NOT NULL
);


ALTER TABLE public.auth_group OWNER TO postgres;

--
-- Name: auth_group_id_seq; Type: SEQUENCE; Schema: public; Owner: postgres
--

ALTER TABLE public.auth_group ALTER COLUMN id ADD GENERATED BY DEFAULT AS IDENTITY (
    SEQUENCE NAME public.auth_group_id_seq
    START WITH 1
    INCREMENT BY 1
    NO MINVALUE
    NO MAXVALUE
    CACHE 1
);


--
-- Name: auth_group_permissions; Type: TABLE; Schema: public; Owner: postgres
--

CREATE TABLE public.auth_group_permissions (
    id bigint NOT NULL,
    group_id integer NOT NULL,
    permission_id integer NOT NULL
);


ALTER TABLE public.auth_group_permissions OWNER TO postgres;

--
-- Name: auth_group_permissions_id_seq; Type: SEQUENCE; Schema: public; Owner: postgres
--

ALTER TABLE public.auth_group_permissions ALTER COLUMN id ADD GENERATED BY DEFAULT AS IDENTITY (
    SEQUENCE NAME public.auth_group_permissions_id_seq
    START WITH 1
    INCREMENT BY 1
    NO MINVALUE
    NO MAXVALUE
    CACHE 1
);


--
-- Name: auth_permission; Type: TABLE; Schema: public; Owner: postgres
--

CREATE TABLE public.auth_permission (
    id integer NOT NULL,
    name character varying(255) NOT NULL,
    content_type_id integer NOT NULL,
    codename character varying(100) NOT NULL
);


ALTER TABLE public.auth_permission OWNER TO postgres;

--
-- Name: auth_permission_id_seq; Type: SEQUENCE; Schema: public; Owner: postgres
--

ALTER TABLE public.auth_permission ALTER COLUMN id ADD GENERATED BY DEFAULT AS IDENTITY (
    SEQUENCE NAME public.auth_permission_id_seq
    START WITH 1
    INCREMENT BY 1
    NO MINVALUE
    NO MAXVALUE
    CACHE 1
);


--
-- Name: auth_user; Type: TABLE; Schema: public; Owner: postgres
--

CREATE TABLE public.auth_user (
    id bigint NOT NULL,
    password character varying(128) NOT NULL,
    last_login timestamp with time zone,
    is_superuser boolean NOT NULL,
    first_name character varying(150) NOT NULL,
    last_name character varying(150) NOT NULL,
    email character varying(254) NOT NULL,
    is_staff boolean NOT NULL,
    is_active boolean NOT NULL,
    date_joined timestamp with time zone NOT NULL,
    username character varying(30) NOT NULL
);


ALTER TABLE public.auth_user OWNER TO postgres;

--
-- Name: auth_user_groups; Type: TABLE; Schema: public; Owner: postgres
--

CREATE TABLE public.auth_user_groups (
    id bigint NOT NULL,
    customuser_id bigint NOT NULL,
    group_id integer NOT NULL
);


ALTER TABLE public.auth_user_groups OWNER TO postgres;

--
-- Name: auth_user_groups_id_seq; Type: SEQUENCE; Schema: public; Owner: postgres
--

ALTER TABLE public.auth_user_groups ALTER COLUMN id ADD GENERATED BY DEFAULT AS IDENTITY (
    SEQUENCE NAME public.auth_user_groups_id_seq
    START WITH 1
    INCREMENT BY 1
    NO MINVALUE
    NO MAXVALUE
    CACHE 1
);


--
-- Name: auth_user_id_seq; Type: SEQUENCE; Schema: public; Owner: postgres
--

ALTER TABLE public.auth_user ALTER COLUMN id ADD GENERATED BY DEFAULT AS IDENTITY (
    SEQUENCE NAME public.auth_user_id_seq
    START WITH 1
    INCREMENT BY 1
    NO MINVALUE
    NO MAXVALUE
    CACHE 1
);


--
-- Name: auth_user_user_permissions; Type: TABLE; Schema: public; Owner: postgres
--

CREATE TABLE public.auth_user_user_permissions (
    id bigint NOT NULL,
    customuser_id bigint NOT NULL,
    permission_id integer NOT NULL
);


ALTER TABLE public.auth_user_user_permissions OWNER TO postgres;

--
-- Name: auth_user_user_permissions_id_seq; Type: SEQUENCE; Schema: public; Owner: postgres
--

ALTER TABLE public.auth_user_user_permissions ALTER COLUMN id ADD GENERATED BY DEFAULT AS IDENTITY (
    SEQUENCE NAME public.auth_user_user_permissions_id_seq
    START WITH 1
    INCREMENT BY 1
    NO MINVALUE
    NO MAXVALUE
    CACHE 1
);


--
-- Name: core_client; Type: TABLE; Schema: public; Owner: postgres
--

CREATE TABLE public.core_client (
    id bigint NOT NULL,
    created_at timestamp with time zone NOT NULL,
    updated_at timestamp with time zone NOT NULL,
    name character varying(200) NOT NULL,
    code character varying(50),
    referred_by character varying(200),
    is_company_client boolean DEFAULT false NOT NULL,
    user_id bigint
);


ALTER TABLE public.core_client OWNER TO postgres;

--
-- Name: core_client_id_seq; Type: SEQUENCE; Schema: public; Owner: postgres
--

CREATE SEQUENCE public.core_client_id_seq
    START WITH 1
    INCREMENT BY 1
    NO MINVALUE
    NO MAXVALUE
    CACHE 1;


ALTER SEQUENCE public.core_client_id_seq OWNER TO postgres;

--
-- Name: core_client_id_seq; Type: SEQUENCE OWNED BY; Schema: public; Owner: postgres
--

ALTER SEQUENCE public.core_client_id_seq OWNED BY public.core_client.id;


--
-- Name: core_clientexchangeaccount; Type: TABLE; Schema: public; Owner: postgres
--

CREATE TABLE public.core_clientexchangeaccount (
    id bigint NOT NULL,
    created_at timestamp with time zone NOT NULL,
    updated_at timestamp with time zone NOT NULL,
    funding bigint DEFAULT 0 NOT NULL,
    exchange_balance bigint DEFAULT 0 NOT NULL,
    my_percentage numeric(5,2) DEFAULT 0 NOT NULL,
    client_id bigint NOT NULL,
    exchange_id bigint NOT NULL,
    loss_share_percentage integer DEFAULT 0 NOT NULL,
    profit_share_percentage integer DEFAULT 0 NOT NULL,
    locked_initial_final_share bigint,
    locked_initial_pnl bigint,
    locked_share_percentage integer,
    cycle_start_date timestamp with time zone,
    locked_initial_funding bigint
);


ALTER TABLE public.core_clientexchangeaccount OWNER TO postgres;

--
-- Name: core_clientexchangeaccount_id_seq; Type: SEQUENCE; Schema: public; Owner: postgres
--

CREATE SEQUENCE public.core_clientexchangeaccount_id_seq
    START WITH 1
    INCREMENT BY 1
    NO MINVALUE
    NO MAXVALUE
    CACHE 1;


ALTER SEQUENCE public.core_clientexchangeaccount_id_seq OWNER TO postgres;

--
-- Name: core_clientexchangeaccount_id_seq; Type: SEQUENCE OWNED BY; Schema: public; Owner: postgres
--

ALTER SEQUENCE public.core_clientexchangeaccount_id_seq OWNED BY public.core_clientexchangeaccount.id;


--
-- Name: core_clientexchangereportconfig; Type: TABLE; Schema: public; Owner: postgres
--

CREATE TABLE public.core_clientexchangereportconfig (
    id bigint NOT NULL,
    created_at timestamp with time zone NOT NULL,
    updated_at timestamp with time zone NOT NULL,
    friend_percentage numeric(5,2) DEFAULT 0 NOT NULL,
    my_own_percentage numeric(5,2) DEFAULT 0 NOT NULL,
    client_exchange_id bigint NOT NULL
);


ALTER TABLE public.core_clientexchangereportconfig OWNER TO postgres;

--
-- Name: core_clientexchangereportconfig_id_seq; Type: SEQUENCE; Schema: public; Owner: postgres
--

CREATE SEQUENCE public.core_clientexchangereportconfig_id_seq
    START WITH 1
    INCREMENT BY 1
    NO MINVALUE
    NO MAXVALUE
    CACHE 1;


ALTER SEQUENCE public.core_clientexchangereportconfig_id_seq OWNER TO postgres;

--
-- Name: core_clientexchangereportconfig_id_seq; Type: SEQUENCE OWNED BY; Schema: public; Owner: postgres
--

ALTER SEQUENCE public.core_clientexchangereportconfig_id_seq OWNED BY public.core_clientexchangereportconfig.id;


--
-- Name: core_emailotp; Type: TABLE; Schema: public; Owner: postgres
--

CREATE TABLE public.core_emailotp (
    id bigint NOT NULL,
    created_at timestamp with time zone DEFAULT now() NOT NULL,
    updated_at timestamp with time zone DEFAULT now() NOT NULL,
    email character varying(254) NOT NULL,
    username character varying(150) NOT NULL,
    otp_code character varying(6) NOT NULL,
    is_verified boolean DEFAULT false NOT NULL,
    expires_at timestamp with time zone NOT NULL
);


ALTER TABLE public.core_emailotp OWNER TO postgres;

--
-- Name: core_emailotp_id_seq; Type: SEQUENCE; Schema: public; Owner: postgres
--

CREATE SEQUENCE public.core_emailotp_id_seq
    START WITH 1
    INCREMENT BY 1
    NO MINVALUE
    NO MAXVALUE
    CACHE 1;


ALTER SEQUENCE public.core_emailotp_id_seq OWNER TO postgres;

--
-- Name: core_emailotp_id_seq; Type: SEQUENCE OWNED BY; Schema: public; Owner: postgres
--

ALTER SEQUENCE public.core_emailotp_id_seq OWNED BY public.core_emailotp.id;


--
-- Name: core_exchange; Type: TABLE; Schema: public; Owner: postgres
--

CREATE TABLE public.core_exchange (
    id bigint NOT NULL,
    created_at timestamp with time zone NOT NULL,
    updated_at timestamp with time zone NOT NULL,
    name character varying(200) NOT NULL,
    code character varying(50),
    is_active boolean DEFAULT true,
    version character varying(50)
);


ALTER TABLE public.core_exchange OWNER TO postgres;

--
-- Name: core_exchange_id_seq; Type: SEQUENCE; Schema: public; Owner: postgres
--

CREATE SEQUENCE public.core_exchange_id_seq
    START WITH 1
    INCREMENT BY 1
    NO MINVALUE
    NO MAXVALUE
    CACHE 1;


ALTER SEQUENCE public.core_exchange_id_seq OWNER TO postgres;

--
-- Name: core_exchange_id_seq; Type: SEQUENCE OWNED BY; Schema: public; Owner: postgres
--

ALTER SEQUENCE public.core_exchange_id_seq OWNED BY public.core_exchange.id;


--
-- Name: core_settlement; Type: TABLE; Schema: public; Owner: postgres
--

CREATE TABLE public.core_settlement (
    id bigint NOT NULL,
    created_at timestamp with time zone NOT NULL,
    updated_at timestamp with time zone NOT NULL,
    amount bigint NOT NULL,
    notes text,
    client_exchange_id bigint NOT NULL,
    date timestamp with time zone NOT NULL
);


ALTER TABLE public.core_settlement OWNER TO postgres;

--
-- Name: core_settlement_id_seq; Type: SEQUENCE; Schema: public; Owner: postgres
--

CREATE SEQUENCE public.core_settlement_id_seq
    START WITH 1
    INCREMENT BY 1
    NO MINVALUE
    NO MAXVALUE
    CACHE 1;


ALTER SEQUENCE public.core_settlement_id_seq OWNER TO postgres;

--
-- Name: core_settlement_id_seq; Type: SEQUENCE OWNED BY; Schema: public; Owner: postgres
--

ALTER SEQUENCE public.core_settlement_id_seq OWNED BY public.core_settlement.id;


--
-- Name: core_transaction; Type: TABLE; Schema: public; Owner: postgres
--

CREATE TABLE public.core_transaction (
    id bigint NOT NULL,
    created_at timestamp with time zone NOT NULL,
    updated_at timestamp with time zone NOT NULL,
    date timestamp with time zone NOT NULL,
    type character varying(20) NOT NULL,
    amount bigint NOT NULL,
    notes text,
    client_exchange_id bigint NOT NULL,
    exchange_balance_before bigint,
    funding_after bigint,
    funding_before bigint,
    sequence_no integer NOT NULL,
    exchange_balance_after bigint
);


ALTER TABLE public.core_transaction OWNER TO postgres;

--
-- Name: core_transaction_id_seq; Type: SEQUENCE; Schema: public; Owner: postgres
--

CREATE SEQUENCE public.core_transaction_id_seq
    START WITH 1
    INCREMENT BY 1
    NO MINVALUE
    NO MAXVALUE
    CACHE 1;


ALTER SEQUENCE public.core_transaction_id_seq OWNER TO postgres;

--
-- Name: core_transaction_id_seq; Type: SEQUENCE OWNED BY; Schema: public; Owner: postgres
--

ALTER SEQUENCE public.core_transaction_id_seq OWNED BY public.core_transaction.id;


--
-- Name: django_admin_log; Type: TABLE; Schema: public; Owner: postgres
--

CREATE TABLE public.django_admin_log (
    id integer NOT NULL,
    action_time timestamp with time zone NOT NULL,
    object_id text,
    object_repr character varying(200) NOT NULL,
    action_flag smallint NOT NULL,
    change_message text NOT NULL,
    content_type_id integer,
    user_id bigint NOT NULL,
    CONSTRAINT django_admin_log_action_flag_check CHECK ((action_flag >= 0))
);


ALTER TABLE public.django_admin_log OWNER TO postgres;

--
-- Name: django_admin_log_id_seq; Type: SEQUENCE; Schema: public; Owner: postgres
--

ALTER TABLE public.django_admin_log ALTER COLUMN id ADD GENERATED BY DEFAULT AS IDENTITY (
    SEQUENCE NAME public.django_admin_log_id_seq
    START WITH 1
    INCREMENT BY 1
    NO MINVALUE
    NO MAXVALUE
    CACHE 1
);


--
-- Name: django_content_type; Type: TABLE; Schema: public; Owner: postgres
--

CREATE TABLE public.django_content_type (
    id integer NOT NULL,
    app_label character varying(100) NOT NULL,
    model character varying(100) NOT NULL
);


ALTER TABLE public.django_content_type OWNER TO postgres;

--
-- Name: django_content_type_id_seq; Type: SEQUENCE; Schema: public; Owner: postgres
--

ALTER TABLE public.django_content_type ALTER COLUMN id ADD GENERATED BY DEFAULT AS IDENTITY (
    SEQUENCE NAME public.django_content_type_id_seq
    START WITH 1
    INCREMENT BY 1
    NO MINVALUE
    NO MAXVALUE
    CACHE 1
);


--
-- Name: django_migrations; Type: TABLE; Schema: public; Owner: postgres
--

CREATE TABLE public.django_migrations (
    id bigint NOT NULL,
    app character varying(255) NOT NULL,
    name character varying(255) NOT NULL,
    applied timestamp with time zone NOT NULL
);


ALTER TABLE public.django_migrations OWNER TO postgres;

--
-- Name: django_migrations_id_seq; Type: SEQUENCE; Schema: public; Owner: postgres
--

ALTER TABLE public.django_migrations ALTER COLUMN id ADD GENERATED BY DEFAULT AS IDENTITY (
    SEQUENCE NAME public.django_migrations_id_seq
    START WITH 1
    INCREMENT BY 1
    NO MINVALUE
    NO MAXVALUE
    CACHE 1
);


--
-- Name: django_session; Type: TABLE; Schema: public; Owner: postgres
--

CREATE TABLE public.django_session (
    session_key character varying(40) NOT NULL,
    session_data text NOT NULL,
    expire_date timestamp with time zone NOT NULL
);


ALTER TABLE public.django_session OWNER TO postgres;

--
-- Name: core_client id; Type: DEFAULT; Schema: public; Owner: postgres
--

ALTER TABLE ONLY public.core_client ALTER COLUMN id SET DEFAULT nextval('public.core_client_id_seq'::regclass);


--
-- Name: core_clientexchangeaccount id; Type: DEFAULT; Schema: public; Owner: postgres
--

ALTER TABLE ONLY public.core_clientexchangeaccount ALTER COLUMN id SET DEFAULT nextval('public.core_clientexchangeaccount_id_seq'::regclass);


--
-- Name: core_clientexchangereportconfig id; Type: DEFAULT; Schema: public; Owner: postgres
--

ALTER TABLE ONLY public.core_clientexchangereportconfig ALTER COLUMN id SET DEFAULT nextval('public.core_clientexchangereportconfig_id_seq'::regclass);


--
-- Name: core_emailotp id; Type: DEFAULT; Schema: public; Owner: postgres
--

ALTER TABLE ONLY public.core_emailotp ALTER COLUMN id SET DEFAULT nextval('public.core_emailotp_id_seq'::regclass);


--
-- Name: core_exchange id; Type: DEFAULT; Schema: public; Owner: postgres
--

ALTER TABLE ONLY public.core_exchange ALTER COLUMN id SET DEFAULT nextval('public.core_exchange_id_seq'::regclass);


--
-- Name: core_settlement id; Type: DEFAULT; Schema: public; Owner: postgres
--

ALTER TABLE ONLY public.core_settlement ALTER COLUMN id SET DEFAULT nextval('public.core_settlement_id_seq'::regclass);


--
-- Name: core_transaction id; Type: DEFAULT; Schema: public; Owner: postgres
--

ALTER TABLE ONLY public.core_transaction ALTER COLUMN id SET DEFAULT nextval('public.core_transaction_id_seq'::regclass);


--
-- Data for Name: auth_group; Type: TABLE DATA; Schema: public; Owner: postgres
--

COPY public.auth_group (id, name) FROM stdin;
\.


--
-- Data for Name: auth_group_permissions; Type: TABLE DATA; Schema: public; Owner: postgres
--

COPY public.auth_group_permissions (id, group_id, permission_id) FROM stdin;
\.


--
-- Data for Name: auth_permission; Type: TABLE DATA; Schema: public; Owner: postgres
--

COPY public.auth_permission (id, name, content_type_id, codename) FROM stdin;
1	Can add permission	2	add_permission
2	Can change permission	2	change_permission
3	Can delete permission	2	delete_permission
4	Can view permission	2	view_permission
5	Can add group	3	add_group
6	Can change group	3	change_group
7	Can delete group	3	delete_group
8	Can view group	3	view_group
9	Can add content type	1	add_contenttype
10	Can change content type	1	change_contenttype
11	Can delete content type	1	delete_contenttype
12	Can view content type	1	view_contenttype
13	Can add log entry	4	add_logentry
14	Can change log entry	4	change_logentry
15	Can delete log entry	4	delete_logentry
16	Can view log entry	4	view_logentry
17	Can add session	5	add_session
18	Can change session	5	change_session
19	Can delete session	5	delete_session
20	Can view session	5	view_session
21	Can add client	6	add_client
22	Can change client	6	change_client
23	Can delete client	6	delete_client
24	Can view client	6	view_client
25	Can add client exchange account	7	add_clientexchangeaccount
26	Can change client exchange account	7	change_clientexchangeaccount
27	Can delete client exchange account	7	delete_clientexchangeaccount
28	Can view client exchange account	7	view_clientexchangeaccount
29	Can add exchange	8	add_exchange
30	Can change exchange	8	change_exchange
31	Can delete exchange	8	delete_exchange
32	Can view exchange	8	view_exchange
33	Can add transaction	9	add_transaction
34	Can change transaction	9	change_transaction
35	Can delete transaction	9	delete_transaction
36	Can view transaction	9	view_transaction
37	Can add Report Configuration	10	add_clientexchangereportconfig
38	Can change Report Configuration	10	change_clientexchangereportconfig
39	Can delete Report Configuration	10	delete_clientexchangereportconfig
40	Can view Report Configuration	10	view_clientexchangereportconfig
41	Can add settlement	11	add_settlement
42	Can change settlement	11	change_settlement
43	Can delete settlement	11	delete_settlement
44	Can view settlement	11	view_settlement
45	Can add email otp	12	add_emailotp
46	Can change email otp	12	change_emailotp
47	Can delete email otp	12	delete_emailotp
48	Can view email otp	12	view_emailotp
49	Can add user	13	add_customuser
50	Can change user	13	change_customuser
51	Can delete user	13	delete_customuser
52	Can view user	13	view_customuser
\.


--
-- Data for Name: auth_user; Type: TABLE DATA; Schema: public; Owner: postgres
--

COPY public.auth_user (id, password, last_login, is_superuser, first_name, last_name, email, is_staff, is_active, date_joined, username) FROM stdin;
1	pbkdf2_sha256$600000$YWRujgrLwwu6peVVuzk4MS$5qG/J3Ib9SrjY7vO4Zv8ro541hziVLAQyO24RGMj+3E=	2026-01-15 18:10:50.830476+00	t			admin@example.com	t	t	2026-01-07 17:35:23.359194+00	admin
\.


--
-- Data for Name: auth_user_groups; Type: TABLE DATA; Schema: public; Owner: postgres
--

COPY public.auth_user_groups (id, customuser_id, group_id) FROM stdin;
\.


--
-- Data for Name: auth_user_user_permissions; Type: TABLE DATA; Schema: public; Owner: postgres
--

COPY public.auth_user_user_permissions (id, customuser_id, permission_id) FROM stdin;
\.


--
-- Data for Name: core_client; Type: TABLE DATA; Schema: public; Owner: postgres
--

COPY public.core_client (id, created_at, updated_at, name, code, referred_by, is_company_client, user_id) FROM stdin;
1	2026-01-07 17:44:04.921+00	2026-01-07 17:44:04.921+00	a1	\N	\N	f	\N
2	2026-01-07 18:25:34.795+00	2026-01-07 18:25:34.795+00	a2	\N	\N	f	\N
42	2026-01-12 09:23:06.690215+00	2026-01-12 09:23:06.69023+00	VIJETHA	VIJ77&EXC	\N	f	1
\.


--
-- Data for Name: core_clientexchangeaccount; Type: TABLE DATA; Schema: public; Owner: postgres
--

COPY public.core_clientexchangeaccount (id, created_at, updated_at, funding, exchange_balance, my_percentage, client_id, exchange_id, loss_share_percentage, profit_share_percentage, locked_initial_final_share, locked_initial_pnl, locked_share_percentage, cycle_start_date, locked_initial_funding) FROM stdin;
1	2026-01-07 17:44:43.599+00	2026-01-09 08:32:55.007+00	300	300	10.00	1	1	10	10	\N	\N	\N	\N	\N
2	2026-01-07 18:25:51.205+00	2026-01-07 18:33:23.808+00	10	10	20.00	2	1	0	0	0	0	0	\N	\N
36	2026-01-12 09:29:34.408954+00	2026-01-12 09:30:50.412526+00	10000000	9000492	15.00	42	25	14	14	139931	-999508	14	2026-01-12 09:30:50.574528+00	10000000
33	2026-01-12 09:27:48.706796+00	2026-01-12 09:27:48.706811+00	0	0	12.00	42	26	12	12	\N	\N	\N	\N	\N
34	2026-01-12 09:28:59.478101+00	2026-01-12 09:28:59.478112+00	0	0	12.00	42	23	12	12	\N	\N	\N	\N	\N
35	2026-01-12 09:29:15.538304+00	2026-01-12 09:29:15.538318+00	0	0	8.00	42	24	8	8	\N	\N	\N	\N	\N
\.


--
-- Data for Name: core_clientexchangereportconfig; Type: TABLE DATA; Schema: public; Owner: postgres
--

COPY public.core_clientexchangereportconfig (id, created_at, updated_at, friend_percentage, my_own_percentage, client_exchange_id) FROM stdin;
28	2026-01-12 09:28:59.47936+00	2026-01-12 09:28:59.479366+00	12.00	1.00	34
29	2026-01-12 09:29:15.539819+00	2026-01-12 09:29:15.539829+00	8.00	1.00	35
30	2026-01-12 09:29:34.410223+00	2026-01-12 09:29:34.41023+00	14.00	1.00	36
27	2026-01-12 09:27:48.708444+00	2026-01-12 11:47:54.680322+00	9.50	1.50	33
2	2026-01-07 18:25:51.207+00	2026-01-07 18:25:51.207+00	9.50	1.50	2
1	2026-01-07 17:44:43.603+00	2026-01-12 11:48:11.33011+00	9.50	1.50	1
\.


--
-- Data for Name: core_emailotp; Type: TABLE DATA; Schema: public; Owner: postgres
--

COPY public.core_emailotp (id, created_at, updated_at, email, username, otp_code, is_verified, expires_at) FROM stdin;
1	2026-01-12 20:13:31.51008+00	2026-01-12 20:13:31.510094+00	mukteshreddy4636@gmail.com	muktesh	352811	f	2026-01-12 20:23:31.508872+00
\.


--
-- Data for Name: core_exchange; Type: TABLE DATA; Schema: public; Owner: postgres
--

COPY public.core_exchange (id, created_at, updated_at, name, code, is_active, version) FROM stdin;
1	2026-01-07 17:44:27.533+00	2026-01-07 17:44:27.533+00	diamond	\N	t	\N
2	2026-01-08 07:36:26.857+00	2026-01-08 07:36:26.857+00	exch99	\N	t	\N
3	2026-01-11 13:28:05.903+00	2026-01-11 13:28:05.903+00	WOLRD777	WHITELABEL	t	\N
4	2026-01-11 13:28:26.082+00	2026-01-11 13:28:26.082+00	DIAMONDEXCH99	WHITELABLE	t	\N
5	2026-01-11 13:28:55.846+00	2026-01-11 13:28:55.846+00	D247.COM	WHITE	t	\N
6	2026-01-11 13:29:24.824+00	2026-01-11 13:29:24.824+00	91EXCH	NINEONE	t	\N
7	2026-01-11 13:29:45.939+00	2026-01-11 13:29:45.939+00	RADHEXC	RADHE(COPY)	t	\N
8	2026-01-11 13:30:03.604+00	2026-01-11 13:30:03.604+00	RADHEEXCH	ORIGINAL	t	\N
9	2026-01-11 13:30:25.207+00	2026-01-11 13:30:25.207+00	CHERRYEXCH	CHERRY	t	\N
10	2026-01-11 14:23:15.491+00	2026-01-11 14:23:15.491+00	WORLD777 V1	V1	t	\N
11	2026-01-11 14:26:06.982+00	2026-01-11 14:26:06.982+00	WOLRD777 V1(WHITELABLE	\N	t	\N
12	2026-01-11 14:26:54.504+00	2026-01-11 14:26:54.504+00	WOLRD777 V3 WHITELABEL	V3	t	\N
13	2026-01-11 14:27:17.935+00	2026-01-11 14:27:17.935+00	WOLRD777 V4(WHITELABEL)	V4	t	\N
14	2026-01-11 14:28:07.552+00	2026-01-11 14:28:07.552+00	DIAMONDEXCH V1(WHITELABEL)	V1 WHITELABEL	t	\N
15	2026-01-11 14:28:28.419+00	2026-01-11 14:28:28.419+00	DIAMONDEXCH V2(WHITELABEL)	V2 WHITELABEL	t	\N
16	2026-01-11 14:28:48.711+00	2026-01-11 14:28:48.711+00	DIAMONDEXCH V3(WHITELABEL)	V3 WHITELABEL	t	\N
17	2026-01-11 14:29:10.574+00	2026-01-11 14:29:10.574+00	DIAMONDEXCH V4(WHITELABEL)	V4 WHITELABEL	t	\N
18	2026-01-11 14:29:52.32+00	2026-01-11 14:29:52.32+00	D247 V1(WHITELABEL)	V1 WHITELABEL 247	t	\N
19	2026-01-11 14:30:08.552+00	2026-01-11 14:30:08.552+00	D247 V2 WHITELABEL	V2 WHITELABEL 247	t	\N
20	2026-01-11 14:30:25.258+00	2026-01-11 14:30:25.258+00	D247 V3 WHITELABEL	V3 WHITELABEL 247	t	\N
21	2026-01-11 14:30:41.877+00	2026-01-11 14:30:41.877+00	D247 V4 WHITELABEL	V4 WHITELABEL 247	t	\N
22	2026-01-12 09:25:13.01064+00	2026-01-12 09:25:13.010651+00	VIJETHA77	WOLRD777 V1	t	\N
23	2026-01-12 09:25:35.393034+00	2026-01-12 09:25:35.393046+00	VIJEXCH	D247 V2	t	\N
24	2026-01-12 09:25:57.914331+00	2026-01-12 09:25:57.914341+00	ZCVIJETHA	WORLD777 V4	t	\N
25	2026-01-12 09:26:24.340293+00	2026-01-12 09:26:24.340305+00	VIJEXCHV1	D247 V1	t	\N
26	2026-01-12 09:27:28.343149+00	2026-01-12 09:27:28.34316+00	VIJETHA77 V2	WORLD777 V2	t	\N
\.


--
-- Data for Name: core_settlement; Type: TABLE DATA; Schema: public; Owner: postgres
--

COPY public.core_settlement (id, created_at, updated_at, amount, notes, client_exchange_id, date) FROM stdin;
\.


--
-- Data for Name: core_transaction; Type: TABLE DATA; Schema: public; Owner: postgres
--

COPY public.core_transaction (id, created_at, updated_at, date, type, amount, notes, client_exchange_id, exchange_balance_before, funding_after, funding_before, sequence_no, exchange_balance_after) FROM stdin;
1	2026-01-07 17:45:08.786+00	2026-01-07 17:45:08.786+00	2026-01-07 17:45:08.786+00	FUNDING	100		1	\N	\N	\N	0	100
2	2026-01-07 17:45:36.545+00	2026-01-07 17:45:36.545+00	2026-01-07 17:45:36.544+00	TRADE	-90		1	\N	\N	\N	0	10
3	2026-01-07 17:47:11.025+00	2026-01-07 17:47:11.025+00	2026-01-07 17:47:11.025+00	FUNDING	200		1	\N	\N	\N	0	210
4	2026-01-07 17:48:04.442+00	2026-01-07 17:48:04.442+00	2026-01-07 17:48:04.441+00	TRADE	790		1	\N	\N	\N	0	1000
5	2026-01-07 17:50:41.21+00	2026-01-07 17:50:41.21+00	2026-01-07 17:50:41.21+00	PAYMENT	-70	Payment: YOU_PAY_CLIENT	1	\N	\N	\N	0	1000
6	2026-01-07 17:50:49.193+00	2026-01-07 17:50:49.193+00	2026-01-07 17:50:49.192+00	PAYMENT	-70	Payment: YOU_PAY_CLIENT	1	\N	\N	\N	0	1000
7	2026-01-07 18:26:07.723+00	2026-01-07 18:26:07.723+00	2026-01-07 18:26:07.722+00	FUNDING	100		2	\N	\N	\N	0	100
8	2026-01-07 18:26:19.933+00	2026-01-07 18:26:19.933+00	2026-01-07 18:26:19.933+00	TRADE	-90		2	\N	\N	\N	0	10
9	2026-01-07 18:33:23.81+00	2026-01-07 18:33:23.81+00	2026-01-07 18:33:23.809+00	RECORD_PAYMENT	90	Record Payment. Old Funding: 100, New Funding: 10. 	2	\N	\N	\N	0	10
10	2026-01-07 18:33:55.432+00	2026-01-07 18:33:55.432+00	2026-01-07 18:33:55.431+00	RECORD_PAYMENT	700	Record Payment. Old Funding: 300, New Funding: 300. 	1	\N	\N	\N	0	300
147	2026-01-12 09:30:27.040548+00	2026-01-12 09:30:27.040558+00	2026-01-12 09:30:27.039363+00	FUNDING_MANUAL	10000000	C+	36	0	10000000	0	1	10000000
148	2026-01-12 09:30:50.414615+00	2026-01-12 09:30:50.414625+00	2026-01-12 09:30:50.413535+00	TRADE	999508	TRADE: Balance updated 10000000 → 9000492 (-999508)	36	10000000	10000000	10000000	2	9000492
\.


--
-- Data for Name: django_admin_log; Type: TABLE DATA; Schema: public; Owner: postgres
--

COPY public.django_admin_log (id, action_time, object_id, object_repr, action_flag, change_message, content_type_id, user_id) FROM stdin;
\.


--
-- Data for Name: django_content_type; Type: TABLE DATA; Schema: public; Owner: postgres
--

COPY public.django_content_type (id, app_label, model) FROM stdin;
1	contenttypes	contenttype
2	auth	permission
3	auth	group
4	admin	logentry
5	sessions	session
6	core	client
7	core	clientexchangeaccount
8	core	exchange
9	core	transaction
10	core	clientexchangereportconfig
11	core	settlement
12	core	emailotp
13	core	customuser
\.


--
-- Data for Name: django_migrations; Type: TABLE DATA; Schema: public; Owner: postgres
--

COPY public.django_migrations (id, app, name, applied) FROM stdin;
1	contenttypes	0001_initial	2026-01-11 18:05:09.530123+00
2	contenttypes	0002_remove_content_type_name	2026-01-11 18:05:09.533674+00
3	auth	0001_initial	2026-01-11 18:05:10.398467+00
4	auth	0002_alter_permission_name_max_length	2026-01-11 18:05:10.401461+00
5	auth	0003_alter_user_email_max_length	2026-01-11 18:05:10.404616+00
6	auth	0004_alter_user_username_opts	2026-01-11 18:05:10.4076+00
7	auth	0005_alter_user_last_login_null	2026-01-11 18:05:10.411383+00
8	auth	0006_require_contenttypes_0002	2026-01-11 18:05:10.412653+00
9	auth	0007_alter_validators_add_error_messages	2026-01-11 18:05:10.415651+00
10	auth	0008_alter_user_username_max_length	2026-01-11 18:05:10.430938+00
11	auth	0009_alter_user_last_name_max_length	2026-01-11 18:05:10.434388+00
12	auth	0010_alter_group_name_max_length	2026-01-11 18:05:10.437785+00
13	auth	0011_update_proxy_permissions	2026-01-11 18:05:10.442425+00
14	auth	0012_alter_user_first_name_max_length	2026-01-11 18:05:10.446349+00
16	core	0001_initial	2026-01-11 18:06:26.895533+00
17	sessions	0001_initial	2026-01-11 18:18:38.962412+00
19	core	0013_add_exchange_is_active	2026-01-12 13:55:55.111733+00
20	core	0014_add_exchange_version	2026-01-12 13:59:31.892419+00
21	core	0010_emailotp	2026-01-12 20:13:20.070091+00
22	core	0011_customuser	2026-01-14 09:12:28.057298+00
23	core	0012_add_decimal_support_to_percentages	2026-01-14 09:12:49.647655+00
24	core	0002_alter_transaction_type	2026-01-14 09:13:12.644309+00
25	core	0003_alter_transaction_type	2026-01-14 09:13:12.64957+00
26	core	0004_add_masked_share_settlement_fields	2026-01-14 09:13:12.6502+00
27	core	0005_clientexchangeaccount_locked_initial_final_share_and_more	2026-01-14 09:13:12.650713+00
28	core	0006_add_cycle_start_date	2026-01-14 09:13:12.651171+00
29	core	0007_add_locked_initial_funding	2026-01-14 09:13:12.651624+00
30	core	0008_enforce_exchange_name_uniqueness	2026-01-14 09:13:12.652117+00
31	core	0009_add_transaction_audit_fields	2026-01-14 09:13:12.652525+00
32	admin	0001_initial	2026-01-14 09:13:18.861133+00
33	admin	0002_logentry_remove_auto_add	2026-01-14 09:13:18.886905+00
34	admin	0003_logentry_add_action_flag_choices	2026-01-14 09:13:18.895506+00
35	core	0015_update_exchange_unique_constraint	2026-01-14 09:34:51.86451+00
36	core	0016_update_exchange_unique_constraint_with_code	2026-01-14 09:40:41.132515+00
\.


--
-- Data for Name: django_session; Type: TABLE DATA; Schema: public; Owner: postgres
--

COPY public.django_session (session_key, session_data, expire_date) FROM stdin;
p382qick6kgmgvcm4mginh8ngcojc2ar	.eJxVjDEOwjAMRe-SGUUkDoYwsnOGyHYcUkCp1LQT4u5QqQOs_733XybRMte0dJ3SkM3ZOLP73ZjkoW0F-U7tNloZ2zwNbFfFbrTb65j1edncv4NKvX5rEiQPB_SEEN0JGVldkT0girJCdo4kA5I4iB5COELhEoS9UAk-mvcH6cc4Rw:1vfiwd:EEWm7p_c9iKAZOn2s51v4TQ9JguisFrfB38Nj16MZ1E	2026-01-13 19:16:43.929906+00
6t0ytqcxy0rfnkq34el2clqd9795snw1	.eJxVjDEOwjAMRe-SGUUkDoYwsnOGyHYcUkCp1LQT4u5QqQOs_733XybRMte0dJ3SkM3ZOLP73ZjkoW0F-U7tNloZ2zwNbFfFbrTb65j1edncv4NKvX5rEiQPB_SEEN0JGVldkT0girJCdo4kA5I4iB5COELhEoS9UAk-mvcH6cc4Rw:1vfFsd:q7gsBrM1LRaZVnmEt-jI6bFSr4Wog9-JlHi-ZZVLjqQ	2026-01-12 12:14:39.303206+00
gibmjt9ovbt0vpd40raghktpmj85ym1c	.eJxVjDEOwjAMRe-SGUUkDoYwsnOGyHYcUkCp1LQT4u5QqQOs_733XybRMte0dJ3SkM3ZOLP73ZjkoW0F-U7tNloZ2zwNbFfFbrTb65j1edncv4NKvX5rEiQPB_SEEN0JGVldkT0girJCdo4kA5I4iB5COELhEoS9UAk-mvcH6cc4Rw:1vfAL5:yehRclg9yN934Hk5BYllmJ0Vc_wnaaiQ8h4KzRZoI2o	2026-01-12 06:19:39.373798+00
cgrjhj0jwec19p0rddistp691wy21dr0	.eJxVjEEOwiAQRe_C2hBhcLQu3XsGMgyDRQk1LV0Y491tky50-9_77608za338ySjz1GdlVG73y0QP6SuIN6p3gbNQ21jDnpV9EYnfR2ilMvm_gV6mvrlTYxk4YCWEDpzwoBBTOI9ILIEgWgMcQQkNtBZcO4IKSTHwTIlZ7slyiVLbb69nuJTLk3GtVuK-nwBYLRB8w:1vfeBd:SLxoS_YTRKFt__3nUloFJ-ipxyiQs1Jo6QMeVJSWE34	2026-01-13 14:11:53.271239+00
lldpklebhxq0nv166ovh79ztbz1pirh1	.eJxVjEEOwiAQRe_C2hBhcLQu3XsGMgyDRQk1LV0Y491tky50-9_77608za338ySjz1GdlVG73y0QP6SuIN6p3gbNQ21jDnpV9EYnfR2ilMvm_gV6mvrlTYxk4YCWEDpzwoBBTOI9ILIEgWgMcQQkNtBZcO4IKSTHwTIlZ7slyiVLbb69nuJTLk3GtVuK-nwBYLRB8w:1vfMWs:nbw23WBQV3OOnc7hlvmI86qJ-Xz2HJEKMSN5M4AtgLY	2026-01-12 19:20:38.12407+00
4q8y1pb0z0unyj6vgy06h2sfl28x6xwr	.eJxVjEEOwiAQRe_C2hBhcLQu3XsGMgyDRQk1LV0Y491tky50-9_77608za338ySjz1GdlVG73y0QP6SuIN6p3gbNQ21jDnpV9EYnfR2ilMvm_gV6mvrlTYxk4YCWEDpzwoBBTOI9ILIEgWgMcQQkNtBZcO4IKSTHwTIlZ7slyiVLbb69nuJTLk3GtVuK-nwBYLRB8w:1vfun4:vY56LQitCsCnFZyV0UYa9wrwy6a1zmYG8AQVlvSTBUA	2026-01-14 07:55:38.261098+00
g2eu6ljq522qe6kzavtf5xts94o7m98c	.eJxVjDEOwjAMRe-SGUUkDoYwsnOGyHYcUkCp1LQT4u5QqQOs_733XybRMte0dJ3SkM3ZOLP73ZjkoW0F-U7tNloZ2zwNbFfFbrTb65j1edncv4NKvX5rEiQPB_SEEN0JGVldkT0girJCdo4kA5I4iB5COELhEoS9UAk-mvcH6cc4Rw:1vf0Eu:dKzBsMjbZ84DFKGpD_Gp34amciKjxA4gCBe32TugD0A	2026-01-11 19:32:36.912645+00
du37vrs8tvcs0rir0ct2e6kcsn8xvvgk	.eJxVjEEOwiAQRe_C2hBhcLQu3XsGMgyDRQk1LV0Y491tky50-9_77608za338ySjz1GdlVG73y0QP6SuIN6p3gbNQ21jDnpV9EYnfR2ilMvm_gV6mvrlTYxk4YCWEDpzwoBBTOI9ILIEgWgMcQQkNtBZcO4IKSTHwTIlZ7slyiVLbb69nuJTLk3GtVuK-nwBYLRB8w:1vfAWu:M75XENJBmHH-tH_whr2A1ejCItZVVOg66Kyi8uhWiyw	2026-01-12 06:31:52.79441+00
2uh1ucla0mdt33v94t57ay29sjjrokgl	.eJxVjEEOwiAQRe_C2hBhcLQu3XsGMgyDRQk1LV0Y491tky50-9_77608za338ySjz1GdlVG73y0QP6SuIN6p3gbNQ21jDnpV9EYnfR2ilMvm_gV6mvrlTYxk4YCWEDpzwoBBTOI9ILIEgWgMcQQkNtBZcO4IKSTHwTIlZ7slyiVLbb69nuJTLk3GtVuK-nwBYLRB8w:1vfJwU:uVCffqwiG2tjW0kazeLOW4lO9HkwUFgP-Qkye5h3Ge4	2026-01-12 16:34:54.314254+00
h8vuwul8mi6h8x6i3f2ho65837s5s9f3	.eJxVjEEOwiAQRe_C2hBhcLQu3XsGMgyDRQk1LV0Y491tky50-9_77608za338ySjz1GdlVG73y0QP6SuIN6p3gbNQ21jDnpV9EYnfR2ilMvm_gV6mvrlTYxk4YCWEDpzwoBBTOI9ILIEgWgMcQQkNtBZcO4IKSTHwTIlZ7slyiVLbb69nuJTLk3GtVuK-nwBYLRB8w:1vfxlY:_5NOp1NRAuEQtfWldu7TuXZaqzoIQ2O0fG12f9yFHkI	2026-01-14 11:06:16.717884+00
8q6tx2ucljtxqbu7bs2a6llopu7jrdva	.eJxVjDEOwjAMRe-SGUUkDoYwsnOGyHYcUkCp1LQT4u5QqQOs_733XybRMte0dJ3SkM3ZOLP73ZjkoW0F-U7tNloZ2zwNbFfFbrTb65j1edncv4NKvX5rEiQPB_SEEN0JGVldkT0girJCdo4kA5I4iB5COELhEoS9UAk-mvcH6cc4Rw:1vfKDa:58HHcMFs4z0m1bmYDGBnL03SagK8g3e1rO6q2Eg6NRQ	2026-01-12 16:52:34.108667+00
s1b8ad8fney0c958i08uri25gw0mgb97	.eJxVjEEOwiAQRe_C2hBhcLQu3XsGMgyDRQk1LV0Y491tky50-9_77608za338ySjz1GdlVG73y0QP6SuIN6p3gbNQ21jDnpV9EYnfR2ilMvm_gV6mvrlTYxk4YCWEDpzwoBBTOI9ILIEgWgMcQQkNtBZcO4IKSTHwTIlZ7slyiVLbb69nuJTLk3GtVuK-nwBYLRB8w:1vf17N:yRsEHoFAfNDRvGOKsZyZj0z2Xz0VvJDhj4ZKHAND_l8	2026-01-11 20:28:53.336908+00
8kep2n9mwzr4sohi7jiz4bds4yti2o28	.eJxVjDEOwjAMRe-SGUUkDoYwsnOGyHYcUkCp1LQT4u5QqQOs_733XybRMte0dJ3SkM3ZOLP73ZjkoW0F-U7tNloZ2zwNbFfFbrTb65j1edncv4NKvX5rEiQPB_SEEN0JGVldkT0girJCdo4kA5I4iB5COELhEoS9UAk-mvcH6cc4Rw:1vgOJ9:rGn1P-4zzu2PGWtFv1BngD7mPvIQ9kFYwNjyeA_VI4s	2026-01-15 15:26:43.702085+00
c4oc41uyuipxj1falxm5zgeuqruk2tzv	.eJxVjDEOwjAMRe-SGUUkDoYwsnOGyHYcUkCp1LQT4u5QqQOs_733XybRMte0dJ3SkM3ZOLP73ZjkoW0F-U7tNloZ2zwNbFfFbrTb65j1edncv4NKvX5rEiQPB_SEEN0JGVldkT0girJCdo4kA5I4iB5COELhEoS9UAk-mvcH6cc4Rw:1vf2qh:Leev0B0Utje-RhUtR31-jnFJzwsRNmMEA498WZNIs1c	2026-01-11 22:19:47.202124+00
52obiwyesquyu15y2fas1w5pwm4da5n0	.eJxVjDEOwjAMRe-SGUUkDoYwsnOGyHYcUkCp1LQT4u5QqQOs_733XybRMte0dJ3SkM3ZOLP73ZjkoW0F-U7tNloZ2zwNbFfFbrTb65j1edncv4NKvX5rEiQPB_SEEN0JGVldkT0girJCdo4kA5I4iB5COELhEoS9UAk-mvcH6cc4Rw:1vfFhT:zc7zio2d2Dbf6a_Em9-UaCG2hOI4vZCkiicXAY98_lM	2026-01-12 12:03:07.618061+00
hjhx7zgkvy4c6pud2eprswtvivwjqloe	.eJxVjEEOwiAQRe_C2hBhcLQu3XsGMgyDRQk1LV0Y491tky50-9_77608za338ySjz1GdlVG73y0QP6SuIN6p3gbNQ21jDnpV9EYnfR2ilMvm_gV6mvrlTYxk4YCWEDpzwoBBTOI9ILIEgWgMcQQkNtBZcO4IKSTHwTIlZ7slyiVLbb69nuJTLk3GtVuK-nwBYLRB8w:1vfOwT:ViGUUa1dN_NX9QIQmqczV4g9GDupa271mCiQFvar5pg	2026-01-12 21:55:13.970713+00
jtgdo4ao7hskn8xa9hjh3e2cc55gfs6s	.eJxVjDEOwjAMRe-SGUUkDoYwsnOGyHYcUkCp1LQT4u5QqQOs_733XybRMte0dJ3SkM3ZOLP73ZjkoW0F-U7tNloZ2zwNbFfFbrTb65j1edncv4NKvX5rEiQPB_SEEN0JGVldkT0girJCdo4kA5I4iB5COELhEoS9UAk-mvcH6cc4Rw:1vfFkp:VzN_wLvL3thPvdyAheaL3plIH49ywRLDn1dyeiEQsko	2026-01-12 12:06:35.977445+00
3tb8mdzzllenyx6xu906p6sj65jwvqdz	.eJxVjEEOwiAQRe_C2hBhcLQu3XsGMgyDRQk1LV0Y491tky50-9_77608za338ySjz1GdlVG73y0QP6SuIN6p3gbNQ21jDnpV9EYnfR2ilMvm_gV6mvrlTYxk4YCWEDpzwoBBTOI9ILIEgWgMcQQkNtBZcO4IKSTHwTIlZ7slyiVLbb69nuJTLk3GtVuK-nwBYLRB8w:1vffIE:GYXA5aF1QnJZdLj3hx7T74qJsYnALaVgc0orjsGdyz0	2026-01-13 15:22:46.591907+00
d1g3v9ja53tktzyjqa2smu0g2gt5w0z6	.eJxVjDEOwjAMRe-SGUUkDoYwsnOGyHYcUkCp1LQT4u5QqQOs_733XybRMte0dJ3SkM3ZOLP73ZjkoW0F-U7tNloZ2zwNbFfFbrTb65j1edncv4NKvX5rEiQPB_SEEN0JGVldkT0girJCdo4kA5I4iB5COELhEoS9UAk-mvcH6cc4Rw:1vfEz3:KnNFQZHC7uPKXxCucQmgaIwycxQ6-bX3wO7RErdGCos	2026-01-12 11:17:13.654543+00
xerj26z4k571sr7fa1jz9xf6klkic8yz	.eJxVjDEOwjAMRe-SGUUkDoYwsnOGyHYcUkCp1LQT4u5QqQOs_733XybRMte0dJ3SkM3ZOLP73ZjkoW0F-U7tNloZ2zwNbFfFbrTb65j1edncv4NKvX5rEiQPB_SEEN0JGVldkT0girJCdo4kA5I4iB5COELhEoS9UAk-mvcH6cc4Rw:1vfOrp:JSacxWt4QM9FeLPDv4a8tX_Xf9mj9k3EUS-oUOmECF4	2026-01-12 21:50:25.602421+00
5ipmvww9y4vjmjztcg9ivqzo7b5zy5fs	.eJxVjEEOwiAQRe_C2hBhcLQu3XsGMgyDRQk1LV0Y491tky50-9_77608za338ySjz1GdlVG73y0QP6SuIN6p3gbNQ21jDnpV9EYnfR2ilMvm_gV6mvrlTYxk4YCWEDpzwoBBTOI9ILIEgWgMcQQkNtBZcO4IKSTHwTIlZ7slyiVLbb69nuJTLk3GtVuK-nwBYLRB8w:1vfhJJ:G1sjNng8PvB95DfCqbY-rMAus5992SUX2UishKmasn8	2026-01-13 17:32:01.420094+00
qrr466l5bskfxfbblo33egy76v0v24d8	.eJxVjEEOwiAQRe_C2hBhcLQu3XsGMgyDRQk1LV0Y491tky50-9_77608za338ySjz1GdlVG73y0QP6SuIN6p3gbNQ21jDnpV9EYnfR2ilMvm_gV6mvrlTYxk4YCWEDpzwoBBTOI9ILIEgWgMcQQkNtBZcO4IKSTHwTIlZ7slyiVLbb69nuJTLk3GtVuK-nwBYLRB8w:1vfGdV:CCZCinmnLwKuBiOLCdsQsF_Oo5XnlPLJEU5Mfvw9iKk	2026-01-12 13:03:05.403074+00
q35taa6g2nqgli7xoymiksenm8gvoebe	.eJxVjEEOwiAQRe_C2hBhcLQu3XsGMgyDRQk1LV0Y491tky50-9_77608za338ySjz1GdlVG73y0QP6SuIN6p3gbNQ21jDnpV9EYnfR2ilMvm_gV6mvrlTYxk4YCWEDpzwoBBTOI9ILIEgWgMcQQkNtBZcO4IKSTHwTIlZ7slyiVLbb69nuJTLk3GtVuK-nwBYLRB8w:1vfWK9:hIgK56Q07KkGNsBwXnON28LFcxAYeOFAOQEzq_qpuug	2026-01-13 05:48:09.275201+00
k4z5o4ezmltwa44nvv38u1znvkj4x5cf	.eJxVjDEOwjAMRe-SGUUkDoYwsnOGyHYcUkCp1LQT4u5QqQOs_733XybRMte0dJ3SkM3ZOLP73ZjkoW0F-U7tNloZ2zwNbFfFbrTb65j1edncv4NKvX5rEiQPB_SEEN0JGVldkT0girJCdo4kA5I4iB5COELhEoS9UAk-mvcH6cc4Rw:1vgP9y:TUyAnJc28u5vlPDtiiCjT95JBHFYRJx8DEW9ZUzj4jo	2026-01-15 16:21:18.423091+00
elklsk87wxkhrhbjs7fzoyd8l43zh9zz	.eJxVjDEOwjAMRe-SGUUkDoYwsnOGyHYcUkCp1LQT4u5QqQOs_733XybRMte0dJ3SkM3ZOLP73ZjkoW0F-U7tNloZ2zwNbFfFbrTb65j1edncv4NKvX5rEiQPB_SEEN0JGVldkT0girJCdo4kA5I4iB5COELhEoS9UAk-mvcH6cc4Rw:1vgRo2:gXP1T1CB5IPH_XVLz-bsDKQRK-mKI8zIgMZk9FNlZo0	2026-01-15 19:10:50.947718+00
\.


--
-- Name: auth_group_id_seq; Type: SEQUENCE SET; Schema: public; Owner: postgres
--

SELECT pg_catalog.setval('public.auth_group_id_seq', 1, false);


--
-- Name: auth_group_permissions_id_seq; Type: SEQUENCE SET; Schema: public; Owner: postgres
--

SELECT pg_catalog.setval('public.auth_group_permissions_id_seq', 1, false);


--
-- Name: auth_permission_id_seq; Type: SEQUENCE SET; Schema: public; Owner: postgres
--

SELECT pg_catalog.setval('public.auth_permission_id_seq', 52, true);


--
-- Name: auth_user_groups_id_seq; Type: SEQUENCE SET; Schema: public; Owner: postgres
--

SELECT pg_catalog.setval('public.auth_user_groups_id_seq', 1, false);


--
-- Name: auth_user_id_seq; Type: SEQUENCE SET; Schema: public; Owner: postgres
--

SELECT pg_catalog.setval('public.auth_user_id_seq', 1, true);


--
-- Name: auth_user_user_permissions_id_seq; Type: SEQUENCE SET; Schema: public; Owner: postgres
--

SELECT pg_catalog.setval('public.auth_user_user_permissions_id_seq', 1, false);


--
-- Name: core_client_id_seq; Type: SEQUENCE SET; Schema: public; Owner: postgres
--

SELECT pg_catalog.setval('public.core_client_id_seq', 50, true);


--
-- Name: core_clientexchangeaccount_id_seq; Type: SEQUENCE SET; Schema: public; Owner: postgres
--

SELECT pg_catalog.setval('public.core_clientexchangeaccount_id_seq', 51, true);


--
-- Name: core_clientexchangereportconfig_id_seq; Type: SEQUENCE SET; Schema: public; Owner: postgres
--

SELECT pg_catalog.setval('public.core_clientexchangereportconfig_id_seq', 45, true);


--
-- Name: core_emailotp_id_seq; Type: SEQUENCE SET; Schema: public; Owner: postgres
--

SELECT pg_catalog.setval('public.core_emailotp_id_seq', 1, true);


--
-- Name: core_exchange_id_seq; Type: SEQUENCE SET; Schema: public; Owner: postgres
--

SELECT pg_catalog.setval('public.core_exchange_id_seq', 33, true);


--
-- Name: core_settlement_id_seq; Type: SEQUENCE SET; Schema: public; Owner: postgres
--

SELECT pg_catalog.setval('public.core_settlement_id_seq', 12, true);


--
-- Name: core_transaction_id_seq; Type: SEQUENCE SET; Schema: public; Owner: postgres
--

SELECT pg_catalog.setval('public.core_transaction_id_seq', 190, true);


--
-- Name: django_admin_log_id_seq; Type: SEQUENCE SET; Schema: public; Owner: postgres
--

SELECT pg_catalog.setval('public.django_admin_log_id_seq', 1, false);


--
-- Name: django_content_type_id_seq; Type: SEQUENCE SET; Schema: public; Owner: postgres
--

SELECT pg_catalog.setval('public.django_content_type_id_seq', 13, true);


--
-- Name: django_migrations_id_seq; Type: SEQUENCE SET; Schema: public; Owner: postgres
--

SELECT pg_catalog.setval('public.django_migrations_id_seq', 36, true);


--
-- Name: auth_group auth_group_name_key; Type: CONSTRAINT; Schema: public; Owner: postgres
--

ALTER TABLE ONLY public.auth_group
    ADD CONSTRAINT auth_group_name_key UNIQUE (name);


--
-- Name: auth_group_permissions auth_group_permissions_group_id_permission_id_0cd325b0_uniq; Type: CONSTRAINT; Schema: public; Owner: postgres
--

ALTER TABLE ONLY public.auth_group_permissions
    ADD CONSTRAINT auth_group_permissions_group_id_permission_id_0cd325b0_uniq UNIQUE (group_id, permission_id);


--
-- Name: auth_group_permissions auth_group_permissions_pkey; Type: CONSTRAINT; Schema: public; Owner: postgres
--

ALTER TABLE ONLY public.auth_group_permissions
    ADD CONSTRAINT auth_group_permissions_pkey PRIMARY KEY (id);


--
-- Name: auth_group auth_group_pkey; Type: CONSTRAINT; Schema: public; Owner: postgres
--

ALTER TABLE ONLY public.auth_group
    ADD CONSTRAINT auth_group_pkey PRIMARY KEY (id);


--
-- Name: auth_permission auth_permission_content_type_id_codename_01ab375a_uniq; Type: CONSTRAINT; Schema: public; Owner: postgres
--

ALTER TABLE ONLY public.auth_permission
    ADD CONSTRAINT auth_permission_content_type_id_codename_01ab375a_uniq UNIQUE (content_type_id, codename);


--
-- Name: auth_permission auth_permission_pkey; Type: CONSTRAINT; Schema: public; Owner: postgres
--

ALTER TABLE ONLY public.auth_permission
    ADD CONSTRAINT auth_permission_pkey PRIMARY KEY (id);


--
-- Name: auth_user_groups auth_user_groups_customuser_id_group_id_3c656da4_uniq; Type: CONSTRAINT; Schema: public; Owner: postgres
--

ALTER TABLE ONLY public.auth_user_groups
    ADD CONSTRAINT auth_user_groups_customuser_id_group_id_3c656da4_uniq UNIQUE (customuser_id, group_id);


--
-- Name: auth_user_groups auth_user_groups_pkey; Type: CONSTRAINT; Schema: public; Owner: postgres
--

ALTER TABLE ONLY public.auth_user_groups
    ADD CONSTRAINT auth_user_groups_pkey PRIMARY KEY (id);


--
-- Name: auth_user auth_user_pkey; Type: CONSTRAINT; Schema: public; Owner: postgres
--

ALTER TABLE ONLY public.auth_user
    ADD CONSTRAINT auth_user_pkey PRIMARY KEY (id);


--
-- Name: auth_user_user_permissions auth_user_user_permissio_customuser_id_permission_f01ff6bf_uniq; Type: CONSTRAINT; Schema: public; Owner: postgres
--

ALTER TABLE ONLY public.auth_user_user_permissions
    ADD CONSTRAINT auth_user_user_permissio_customuser_id_permission_f01ff6bf_uniq UNIQUE (customuser_id, permission_id);


--
-- Name: auth_user_user_permissions auth_user_user_permissions_pkey; Type: CONSTRAINT; Schema: public; Owner: postgres
--

ALTER TABLE ONLY public.auth_user_user_permissions
    ADD CONSTRAINT auth_user_user_permissions_pkey PRIMARY KEY (id);


--
-- Name: auth_user auth_user_username_key; Type: CONSTRAINT; Schema: public; Owner: postgres
--

ALTER TABLE ONLY public.auth_user
    ADD CONSTRAINT auth_user_username_key UNIQUE (username);


--
-- Name: core_client core_client_code_key; Type: CONSTRAINT; Schema: public; Owner: postgres
--

ALTER TABLE ONLY public.core_client
    ADD CONSTRAINT core_client_code_key UNIQUE (code);


--
-- Name: core_client core_client_pkey; Type: CONSTRAINT; Schema: public; Owner: postgres
--

ALTER TABLE ONLY public.core_client
    ADD CONSTRAINT core_client_pkey PRIMARY KEY (id);


--
-- Name: core_clientexchangeaccount core_clientexchangeaccount_client_id_exchange_id_key; Type: CONSTRAINT; Schema: public; Owner: postgres
--

ALTER TABLE ONLY public.core_clientexchangeaccount
    ADD CONSTRAINT core_clientexchangeaccount_client_id_exchange_id_key UNIQUE (client_id, exchange_id);


--
-- Name: core_clientexchangeaccount core_clientexchangeaccount_pkey; Type: CONSTRAINT; Schema: public; Owner: postgres
--

ALTER TABLE ONLY public.core_clientexchangeaccount
    ADD CONSTRAINT core_clientexchangeaccount_pkey PRIMARY KEY (id);


--
-- Name: core_clientexchangereportconfig core_clientexchangereportconfig_client_exchange_id_key; Type: CONSTRAINT; Schema: public; Owner: postgres
--

ALTER TABLE ONLY public.core_clientexchangereportconfig
    ADD CONSTRAINT core_clientexchangereportconfig_client_exchange_id_key UNIQUE (client_exchange_id);


--
-- Name: core_clientexchangereportconfig core_clientexchangereportconfig_pkey; Type: CONSTRAINT; Schema: public; Owner: postgres
--

ALTER TABLE ONLY public.core_clientexchangereportconfig
    ADD CONSTRAINT core_clientexchangereportconfig_pkey PRIMARY KEY (id);


--
-- Name: core_emailotp core_emailotp_email_key; Type: CONSTRAINT; Schema: public; Owner: postgres
--

ALTER TABLE ONLY public.core_emailotp
    ADD CONSTRAINT core_emailotp_email_key UNIQUE (email);


--
-- Name: core_emailotp core_emailotp_pkey; Type: CONSTRAINT; Schema: public; Owner: postgres
--

ALTER TABLE ONLY public.core_emailotp
    ADD CONSTRAINT core_emailotp_pkey PRIMARY KEY (id);


--
-- Name: core_exchange core_exchange_pkey; Type: CONSTRAINT; Schema: public; Owner: postgres
--

ALTER TABLE ONLY public.core_exchange
    ADD CONSTRAINT core_exchange_pkey PRIMARY KEY (id);


--
-- Name: core_settlement core_settlement_pkey; Type: CONSTRAINT; Schema: public; Owner: postgres
--

ALTER TABLE ONLY public.core_settlement
    ADD CONSTRAINT core_settlement_pkey PRIMARY KEY (id);


--
-- Name: core_transaction core_transaction_pkey; Type: CONSTRAINT; Schema: public; Owner: postgres
--

ALTER TABLE ONLY public.core_transaction
    ADD CONSTRAINT core_transaction_pkey PRIMARY KEY (id);


--
-- Name: django_admin_log django_admin_log_pkey; Type: CONSTRAINT; Schema: public; Owner: postgres
--

ALTER TABLE ONLY public.django_admin_log
    ADD CONSTRAINT django_admin_log_pkey PRIMARY KEY (id);


--
-- Name: django_content_type django_content_type_app_label_model_76bd3d3b_uniq; Type: CONSTRAINT; Schema: public; Owner: postgres
--

ALTER TABLE ONLY public.django_content_type
    ADD CONSTRAINT django_content_type_app_label_model_76bd3d3b_uniq UNIQUE (app_label, model);


--
-- Name: django_content_type django_content_type_pkey; Type: CONSTRAINT; Schema: public; Owner: postgres
--

ALTER TABLE ONLY public.django_content_type
    ADD CONSTRAINT django_content_type_pkey PRIMARY KEY (id);


--
-- Name: django_migrations django_migrations_pkey; Type: CONSTRAINT; Schema: public; Owner: postgres
--

ALTER TABLE ONLY public.django_migrations
    ADD CONSTRAINT django_migrations_pkey PRIMARY KEY (id);


--
-- Name: django_session django_session_pkey; Type: CONSTRAINT; Schema: public; Owner: postgres
--

ALTER TABLE ONLY public.django_session
    ADD CONSTRAINT django_session_pkey PRIMARY KEY (session_key);


--
-- Name: core_exchange unique_exchange_name_code_version; Type: CONSTRAINT; Schema: public; Owner: postgres
--

ALTER TABLE ONLY public.core_exchange
    ADD CONSTRAINT unique_exchange_name_code_version UNIQUE (name, code, version);


--
-- Name: auth_group_name_a6ea08ec_like; Type: INDEX; Schema: public; Owner: postgres
--

CREATE INDEX auth_group_name_a6ea08ec_like ON public.auth_group USING btree (name varchar_pattern_ops);


--
-- Name: auth_group_permissions_group_id_b120cbf9; Type: INDEX; Schema: public; Owner: postgres
--

CREATE INDEX auth_group_permissions_group_id_b120cbf9 ON public.auth_group_permissions USING btree (group_id);


--
-- Name: auth_group_permissions_permission_id_84c5c92e; Type: INDEX; Schema: public; Owner: postgres
--

CREATE INDEX auth_group_permissions_permission_id_84c5c92e ON public.auth_group_permissions USING btree (permission_id);


--
-- Name: auth_permission_content_type_id_2f476e4b; Type: INDEX; Schema: public; Owner: postgres
--

CREATE INDEX auth_permission_content_type_id_2f476e4b ON public.auth_permission USING btree (content_type_id);


--
-- Name: auth_user_groups_customuser_id_62675d7c; Type: INDEX; Schema: public; Owner: postgres
--

CREATE INDEX auth_user_groups_customuser_id_62675d7c ON public.auth_user_groups USING btree (customuser_id);


--
-- Name: auth_user_groups_group_id_97559544; Type: INDEX; Schema: public; Owner: postgres
--

CREATE INDEX auth_user_groups_group_id_97559544 ON public.auth_user_groups USING btree (group_id);


--
-- Name: auth_user_user_permissions_customuser_id_843d9bac; Type: INDEX; Schema: public; Owner: postgres
--

CREATE INDEX auth_user_user_permissions_customuser_id_843d9bac ON public.auth_user_user_permissions USING btree (customuser_id);


--
-- Name: auth_user_user_permissions_permission_id_1fbb5f2c; Type: INDEX; Schema: public; Owner: postgres
--

CREATE INDEX auth_user_user_permissions_permission_id_1fbb5f2c ON public.auth_user_user_permissions USING btree (permission_id);


--
-- Name: auth_user_username_6821ab7c_like; Type: INDEX; Schema: public; Owner: postgres
--

CREATE INDEX auth_user_username_6821ab7c_like ON public.auth_user USING btree (username varchar_pattern_ops);


--
-- Name: core_client_user_id_idx; Type: INDEX; Schema: public; Owner: postgres
--

CREATE INDEX core_client_user_id_idx ON public.core_client USING btree (user_id);


--
-- Name: core_clientexchangeaccount_client_id_idx; Type: INDEX; Schema: public; Owner: postgres
--

CREATE INDEX core_clientexchangeaccount_client_id_idx ON public.core_clientexchangeaccount USING btree (client_id);


--
-- Name: core_clientexchangeaccount_exchange_id_idx; Type: INDEX; Schema: public; Owner: postgres
--

CREATE INDEX core_clientexchangeaccount_exchange_id_idx ON public.core_clientexchangeaccount USING btree (exchange_id);


--
-- Name: core_emailo_email_45a4c6_idx; Type: INDEX; Schema: public; Owner: postgres
--

CREATE INDEX core_emailo_email_45a4c6_idx ON public.core_emailotp USING btree (email, otp_code);


--
-- Name: core_settlement_client_exchange_id_idx; Type: INDEX; Schema: public; Owner: postgres
--

CREATE INDEX core_settlement_client_exchange_id_idx ON public.core_settlement USING btree (client_exchange_id);


--
-- Name: core_transaction_client_exchange_id_idx; Type: INDEX; Schema: public; Owner: postgres
--

CREATE INDEX core_transaction_client_exchange_id_idx ON public.core_transaction USING btree (client_exchange_id);


--
-- Name: core_transaction_composite_idx; Type: INDEX; Schema: public; Owner: postgres
--

CREATE INDEX core_transaction_composite_idx ON public.core_transaction USING btree (client_exchange_id, created_at, sequence_no);


--
-- Name: django_admin_log_content_type_id_c4bce8eb; Type: INDEX; Schema: public; Owner: postgres
--

CREATE INDEX django_admin_log_content_type_id_c4bce8eb ON public.django_admin_log USING btree (content_type_id);


--
-- Name: django_admin_log_user_id_c564eba6; Type: INDEX; Schema: public; Owner: postgres
--

CREATE INDEX django_admin_log_user_id_c564eba6 ON public.django_admin_log USING btree (user_id);


--
-- Name: django_session_expire_date_a5c62663; Type: INDEX; Schema: public; Owner: postgres
--

CREATE INDEX django_session_expire_date_a5c62663 ON public.django_session USING btree (expire_date);


--
-- Name: auth_group_permissions auth_group_permissio_permission_id_84c5c92e_fk_auth_perm; Type: FK CONSTRAINT; Schema: public; Owner: postgres
--

ALTER TABLE ONLY public.auth_group_permissions
    ADD CONSTRAINT auth_group_permissio_permission_id_84c5c92e_fk_auth_perm FOREIGN KEY (permission_id) REFERENCES public.auth_permission(id) DEFERRABLE INITIALLY DEFERRED;


--
-- Name: auth_group_permissions auth_group_permissions_group_id_b120cbf9_fk_auth_group_id; Type: FK CONSTRAINT; Schema: public; Owner: postgres
--

ALTER TABLE ONLY public.auth_group_permissions
    ADD CONSTRAINT auth_group_permissions_group_id_b120cbf9_fk_auth_group_id FOREIGN KEY (group_id) REFERENCES public.auth_group(id) DEFERRABLE INITIALLY DEFERRED;


--
-- Name: auth_permission auth_permission_content_type_id_2f476e4b_fk_django_co; Type: FK CONSTRAINT; Schema: public; Owner: postgres
--

ALTER TABLE ONLY public.auth_permission
    ADD CONSTRAINT auth_permission_content_type_id_2f476e4b_fk_django_co FOREIGN KEY (content_type_id) REFERENCES public.django_content_type(id) DEFERRABLE INITIALLY DEFERRED;


--
-- Name: auth_user_groups auth_user_groups_customuser_id_62675d7c_fk_auth_user_id; Type: FK CONSTRAINT; Schema: public; Owner: postgres
--

ALTER TABLE ONLY public.auth_user_groups
    ADD CONSTRAINT auth_user_groups_customuser_id_62675d7c_fk_auth_user_id FOREIGN KEY (customuser_id) REFERENCES public.auth_user(id) DEFERRABLE INITIALLY DEFERRED;


--
-- Name: auth_user_groups auth_user_groups_group_id_97559544_fk_auth_group_id; Type: FK CONSTRAINT; Schema: public; Owner: postgres
--

ALTER TABLE ONLY public.auth_user_groups
    ADD CONSTRAINT auth_user_groups_group_id_97559544_fk_auth_group_id FOREIGN KEY (group_id) REFERENCES public.auth_group(id) DEFERRABLE INITIALLY DEFERRED;


--
-- Name: auth_user_user_permissions auth_user_user_permi_customuser_id_843d9bac_fk_auth_user; Type: FK CONSTRAINT; Schema: public; Owner: postgres
--

ALTER TABLE ONLY public.auth_user_user_permissions
    ADD CONSTRAINT auth_user_user_permi_customuser_id_843d9bac_fk_auth_user FOREIGN KEY (customuser_id) REFERENCES public.auth_user(id) DEFERRABLE INITIALLY DEFERRED;


--
-- Name: auth_user_user_permissions auth_user_user_permi_permission_id_1fbb5f2c_fk_auth_perm; Type: FK CONSTRAINT; Schema: public; Owner: postgres
--

ALTER TABLE ONLY public.auth_user_user_permissions
    ADD CONSTRAINT auth_user_user_permi_permission_id_1fbb5f2c_fk_auth_perm FOREIGN KEY (permission_id) REFERENCES public.auth_permission(id) DEFERRABLE INITIALLY DEFERRED;


--
-- Name: core_client core_client_user_id_fkey; Type: FK CONSTRAINT; Schema: public; Owner: postgres
--

ALTER TABLE ONLY public.core_client
    ADD CONSTRAINT core_client_user_id_fkey FOREIGN KEY (user_id) REFERENCES public.auth_user(id) ON DELETE SET NULL;


--
-- Name: core_clientexchangeaccount core_clientexchangeaccount_client_id_fkey; Type: FK CONSTRAINT; Schema: public; Owner: postgres
--

ALTER TABLE ONLY public.core_clientexchangeaccount
    ADD CONSTRAINT core_clientexchangeaccount_client_id_fkey FOREIGN KEY (client_id) REFERENCES public.core_client(id) ON DELETE CASCADE;


--
-- Name: core_clientexchangeaccount core_clientexchangeaccount_exchange_id_fkey; Type: FK CONSTRAINT; Schema: public; Owner: postgres
--

ALTER TABLE ONLY public.core_clientexchangeaccount
    ADD CONSTRAINT core_clientexchangeaccount_exchange_id_fkey FOREIGN KEY (exchange_id) REFERENCES public.core_exchange(id) ON DELETE CASCADE;


--
-- Name: core_clientexchangereportconfig core_clientexchangereportconfig_client_exchange_id_fkey; Type: FK CONSTRAINT; Schema: public; Owner: postgres
--

ALTER TABLE ONLY public.core_clientexchangereportconfig
    ADD CONSTRAINT core_clientexchangereportconfig_client_exchange_id_fkey FOREIGN KEY (client_exchange_id) REFERENCES public.core_clientexchangeaccount(id) ON DELETE CASCADE;


--
-- Name: core_settlement core_settlement_client_exchange_id_fkey; Type: FK CONSTRAINT; Schema: public; Owner: postgres
--

ALTER TABLE ONLY public.core_settlement
    ADD CONSTRAINT core_settlement_client_exchange_id_fkey FOREIGN KEY (client_exchange_id) REFERENCES public.core_clientexchangeaccount(id) ON DELETE CASCADE;


--
-- Name: core_transaction core_transaction_client_exchange_id_fkey; Type: FK CONSTRAINT; Schema: public; Owner: postgres
--

ALTER TABLE ONLY public.core_transaction
    ADD CONSTRAINT core_transaction_client_exchange_id_fkey FOREIGN KEY (client_exchange_id) REFERENCES public.core_clientexchangeaccount(id) ON DELETE CASCADE;


--
-- Name: django_admin_log django_admin_log_content_type_id_c4bce8eb_fk_django_co; Type: FK CONSTRAINT; Schema: public; Owner: postgres
--

ALTER TABLE ONLY public.django_admin_log
    ADD CONSTRAINT django_admin_log_content_type_id_c4bce8eb_fk_django_co FOREIGN KEY (content_type_id) REFERENCES public.django_content_type(id) DEFERRABLE INITIALLY DEFERRED;


--
-- Name: django_admin_log django_admin_log_user_id_c564eba6_fk_auth_user_id; Type: FK CONSTRAINT; Schema: public; Owner: postgres
--

ALTER TABLE ONLY public.django_admin_log
    ADD CONSTRAINT django_admin_log_user_id_c564eba6_fk_auth_user_id FOREIGN KEY (user_id) REFERENCES public.auth_user(id) DEFERRABLE INITIALLY DEFERRED;


--
-- PostgreSQL database dump complete
--

\unrestrict MSUTc73YAREJxd6hHDML02pu9lvaxr4GIPEPCmdBuMtyeYhV6gqjdUDGO0a9bdp

